{
    "Status": "true",
    "Data": [
      {
        "ID": "LD2229713525",
        "Company": "EG0010170",
        "Customer": "10068904",
        "CustomerName": "Mostafa Nasser OB",
        "Category": "21009",
        "CategoryDescription": "Certificates of Deposits",
        "LDType": "036-12-1000-01",
        "LDTypeDescription": "FIXED 3 YEARS ANNUALY INDIVIDUALS",
        "LDAmount": 1000,
        "TotalPaid": 0,
        "Currency": "EGP",
        "InterestRate": 14.25,
        "AgreementDate": 20221024,
        "ValueDate": 20221024,
        "MaturityDate": 20251030,
        "NextPaymentAmount": 142.5,
        "NextPaymentDate": 20231030,
        "DrawDownAccount": "1006890410010201",
        "PrinicipalAccount": "1006890410010201",
        "InterestAccount": "1006890410010201",
        "ChargeAccount": "1006890410010201",
        "Frequency": "Annually",
        "BulletPercent": 0,
        "DonorID": "",
        "ENDOWMENTCD": "NO",
        "AccountOfficer": "1001",
        "Status": "CUR",
        "NoOfCDs": 1,
        "Renewal": "NO",
        "CBEAmount": 100000,
        "CBEDescription": "1",
        "PledgeAmount": 0
      },
      {
        "ID": "LD2230704585",
        "Company": "EG0010170",
        "Customer": "10068904",
        "CustomerName": "Mostafa Nasser OB",
        "Category": "21009",
        "CategoryDescription": "Certificates of Deposits",
        "LDType": "036-01-1000-01",
        "LDTypeDescription": "FIXED 3 YEARS MONTHLY INDIVIDUALS",
        "LDAmount": 1000,
        "TotalPaid": 0,
        "Currency": "EGP",
        "InterestRate": 13.75,
        "AgreementDate": 20221103,
        "ValueDate": 20221103,
        "MaturityDate": 20251106,
        "NextPaymentAmount": 11.3,
        "NextPaymentDate": 20221206,
        "DrawDownAccount": "1006890410010201",
        "PrinicipalAccount": "1006890410010201",
        "InterestAccount": "1006890410010201",
        "ChargeAccount": "1006890410010201",
        "Frequency": "Monthly",
        "BulletPercent": 0,
        "DonorID": "",
        "ENDOWMENTCD": "NO",
        "AccountOfficer": "1001",
        "Status": "CUR",
        "NoOfCDs": 1,
        "Renewal": "YES",
        "CBEAmount": 5000,
        "CBEDescription": "1",
        "PledgeAmount": 0
      },
      {
        "ID": "LD2231025551",
        "Company": "EG0010170",
        "Customer": "10068904",
        "CustomerName": "Mostafa Nasser OB",
        "Category": "21009",
        "CategoryDescription": "Certificates of Deposits",
        "LDType": "036-01-1000-01",
        "LDTypeDescription": "FIXED 3 YEARS MONTHLY INDIVIDUALS",
        "LDAmount": 1000,
        "TotalPaid": 0,
        "Currency": "EGP",
        "InterestRate": 13.75,
        "AgreementDate": 20221106,
        "ValueDate": 20221106,
        "MaturityDate": 20251113,
        "NextPaymentAmount": 11.3,
        "NextPaymentDate": 20221213,
        "DrawDownAccount": "1006890410010201",
        "PrinicipalAccount": "1006890410010201",
        "InterestAccount": "1006890410010201",
        "ChargeAccount": "1006890410010201",
        "Frequency": "Monthly",
        "BulletPercent": 0,
        "DonorID": "",
        "ENDOWMENTCD": "NO",
        "AccountOfficer": "1001",
        "Status": "CUR",
        "NoOfCDs": 1,
        "Renewal": "YES",
        "CBEAmount": 150000,
        "CBEDescription": "1",
        "PledgeAmount": 0
      },
      {
        "ID": "LD2231400842",
        "Company": "EG0010170",
        "Customer": "10068904",
        "CustomerName": "Mostafa Nasser OB",
        "Category": "21009",
        "CategoryDescription": "Certificates of Deposits",
        "LDType": "036-01-1000-01",
        "LDTypeDescription": "FIXED 3 YEARS MONTHLY INDIVIDUALS",
        "LDAmount": 30000,
        "TotalPaid": 0,
        "Currency": "EGP",
        "InterestRate": 13.75,
        "AgreementDate": 20221110,
        "ValueDate": 20221110,
        "MaturityDate": 20251113,
        "NextPaymentAmount": 339.04,
        "NextPaymentDate": 20221213,
        "DrawDownAccount": "1006890410010201",
        "PrinicipalAccount": "1006890410010201",
        "InterestAccount": "1006890410010201",
        "ChargeAccount": "1006890410010201",
        "Frequency": "Monthly",
        "BulletPercent": 0,
        "DonorID": "",
        "ENDOWMENTCD": "NO",
        "AccountOfficer": "1001",
        "Status": "CUR",
        "NoOfCDs": 30,
        "Renewal": "YES",
        "CBEAmount": 150000,
        "CBEDescription": "1",
        "PledgeAmount": 0
      },
      {
        "ID": "LD2231402970",
        "Company": "EG0010170",
        "Customer": "10068904",
        "CustomerName": "Mostafa Nasser OB",
        "Category": "21009",
        "CategoryDescription": "Certificates of Deposits",
        "LDType": "036-01-1000-01",
        "LDTypeDescription": "FIXED 3 YEARS MONTHLY INDIVIDUALS",
        "LDAmount": 20000,
        "TotalPaid": 0,
        "Currency": "EGP",
        "InterestRate": 13.75,
        "AgreementDate": 20221110,
        "ValueDate": 20221110,
        "MaturityDate": 20251113,
        "NextPaymentAmount": 226.03,
        "NextPaymentDate": 20221213,
        "DrawDownAccount": "1006890410010201",
        "PrinicipalAccount": "1006890410010201",
        "InterestAccount": "1006890410010201",
        "ChargeAccount": "1006890410010201",
        "Frequency": "Monthly",
        "BulletPercent": 0,
        "DonorID": "",
        "ENDOWMENTCD": "NO",
        "AccountOfficer": "1001",
        "Status": "CUR",
        "NoOfCDs": 20,
        "Renewal": "YES",
        "CBEAmount": 150000,
        "CBEDescription": "1",
        "PledgeAmount": 0
      },
      {
        "ID": "LD2231406840",
        "Company": "EG0010170",
        "Customer": "10068904",
        "CustomerName": "Mostafa Nasser OB",
        "Category": "21009",
        "CategoryDescription": "Certificates of Deposits",
        "LDType": "036-01-1000-01",
        "LDTypeDescription": "FIXED 3 YEARS MONTHLY INDIVIDUALS",
        "LDAmount": 20000,
        "TotalPaid": 0,
        "Currency": "EGP",
        "InterestRate": 13.75,
        "AgreementDate": 20221110,
        "ValueDate": 20221110,
        "MaturityDate": 20251113,
        "NextPaymentAmount": 226.03,
        "NextPaymentDate": 20221213,
        "DrawDownAccount": "1006890410010201",
        "PrinicipalAccount": "1006890410010201",
        "InterestAccount": "1006890410010201",
        "ChargeAccount": "1006890410010201",
        "Frequency": "Monthly",
        "BulletPercent": 0,
        "DonorID": "",
        "ENDOWMENTCD": "NO",
        "AccountOfficer": "1001",
        "Status": "CUR",
        "NoOfCDs": 20,
        "Renewal": "YES",
        "CBEAmount": 150000,
        "CBEDescription": "1",
        "PledgeAmount": 0
      },
      {
        "ID": "LD2231407541",
        "Company": "EG0010170",
        "Customer": "10068904",
        "CustomerName": "Mostafa Nasser OB",
        "Category": "21009",
        "CategoryDescription": "Certificates of Deposits",
        "LDType": "036-01-1000-01",
        "LDTypeDescription": "FIXED 3 YEARS MONTHLY INDIVIDUALS",
        "LDAmount": 20000,
        "TotalPaid": 0,
        "Currency": "EGP",
        "InterestRate": 13.75,
        "AgreementDate": 20221110,
        "ValueDate": 20221110,
        "MaturityDate": 20251113,
        "NextPaymentAmount": 226.03,
        "NextPaymentDate": 20221213,
        "DrawDownAccount": "1006890410010201",
        "PrinicipalAccount": "1006890410010201",
        "InterestAccount": "1006890410010201",
        "ChargeAccount": "1006890410010201",
        "Frequency": "Monthly",
        "BulletPercent": 0,
        "DonorID": "",
        "ENDOWMENTCD": "NO",
        "AccountOfficer": "1001",
        "Status": "CUR",
        "NoOfCDs": 20,
        "Renewal": "YES",
        "CBEAmount": 150000,
        "CBEDescription": "1",
        "PledgeAmount": 0
      },
      {
        "ID": "LD2231412569",
        "Company": "EG0010170",
        "Customer": "10068904",
        "CustomerName": "Mostafa Nasser OB",
        "Category": "21009",
        "CategoryDescription": "Certificates of Deposits",
        "LDType": "036-01-1000-01",
        "LDTypeDescription": "FIXED 3 YEARS MONTHLY INDIVIDUALS",
        "LDAmount": 20000,
        "TotalPaid": 0,
        "Currency": "EGP",
        "InterestRate": 13.75,
        "AgreementDate": 20221110,
        "ValueDate": 20221110,
        "MaturityDate": 20251113,
        "NextPaymentAmount": 226.03,
        "NextPaymentDate": 20221213,
        "DrawDownAccount": "1006890410010201",
        "PrinicipalAccount": "1006890410010201",
        "InterestAccount": "1006890410010201",
        "ChargeAccount": "1006890410010201",
        "Frequency": "Monthly",
        "BulletPercent": 0,
        "DonorID": "",
        "ENDOWMENTCD": "NO",
        "AccountOfficer": "1001",
        "Status": "CUR",
        "NoOfCDs": 20,
        "Renewal": "YES",
        "CBEAmount": 150000,
        "CBEDescription": "1",
        "PledgeAmount": 0
      },
      {
        "ID": "LD2231416619",
        "Company": "EG0010170",
        "Customer": "10068904",
        "CustomerName": "Mostafa Nasser OB",
        "Category": "21009",
        "CategoryDescription": "Certificates of Deposits",
        "LDType": "036-01-1000-01",
        "LDTypeDescription": "FIXED 3 YEARS MONTHLY INDIVIDUALS",
        "LDAmount": 20000,
        "TotalPaid": 0,
        "Currency": "EGP",
        "InterestRate": 13.75,
        "AgreementDate": 20221110,
        "ValueDate": 20221110,
        "MaturityDate": 20251113,
        "NextPaymentAmount": 226.03,
        "NextPaymentDate": 20221213,
        "DrawDownAccount": "1006890410010201",
        "PrinicipalAccount": "1006890410010201",
        "InterestAccount": "1006890410010201",
        "ChargeAccount": "1006890410010201",
        "Frequency": "Monthly",
        "BulletPercent": 0,
        "DonorID": "",
        "ENDOWMENTCD": "NO",
        "AccountOfficer": "1001",
        "Status": "CUR",
        "NoOfCDs": 20,
        "Renewal": "YES",
        "CBEAmount": 150000,
        "CBEDescription": "1",
        "PledgeAmount": 0
      },
      {
        "ID": "LD2231420715",
        "Company": "EG0010170",
        "Customer": "10068904",
        "CustomerName": "Mostafa Nasser OB",
        "Category": "21009",
        "CategoryDescription": "Certificates of Deposits",
        "LDType": "036-01-1000-01",
        "LDTypeDescription": "FIXED 3 YEARS MONTHLY INDIVIDUALS",
        "LDAmount": 20000,
        "TotalPaid": 0,
        "Currency": "EGP",
        "InterestRate": 13.75,
        "AgreementDate": 20221110,
        "ValueDate": 20221110,
        "MaturityDate": 20251113,
        "NextPaymentAmount": 226.03,
        "NextPaymentDate": 20221213,
        "DrawDownAccount": "1006890410010201",
        "PrinicipalAccount": "1006890410010201",
        "InterestAccount": "1006890410010201",
        "ChargeAccount": "1006890410010201",
        "Frequency": "Monthly",
        "BulletPercent": 0,
        "DonorID": "",
        "ENDOWMENTCD": "NO",
        "AccountOfficer": "1001",
        "Status": "CUR",
        "NoOfCDs": 20,
        "Renewal": "YES",
        "CBEAmount": 150000,
        "CBEDescription": "1",
        "PledgeAmount": 0
      },
      {
        "ID": "LD2231441347",
        "Company": "EG0010170",
        "Customer": "10068904",
        "CustomerName": "Mostafa Nasser OB",
        "Category": "21009",
        "CategoryDescription": "Certificates of Deposits",
        "LDType": "036-01-1000-01",
        "LDTypeDescription": "FIXED 3 YEARS MONTHLY INDIVIDUALS",
        "LDAmount": 20000,
        "TotalPaid": 0,
        "Currency": "EGP",
        "InterestRate": 13.75,
        "AgreementDate": 20221110,
        "ValueDate": 20221110,
        "MaturityDate": 20251113,
        "NextPaymentAmount": 226.03,
        "NextPaymentDate": 20221213,
        "DrawDownAccount": "1006890410010201",
        "PrinicipalAccount": "1006890410010201",
        "InterestAccount": "1006890410010201",
        "ChargeAccount": "1006890410010201",
        "Frequency": "Monthly",
        "BulletPercent": 0,
        "DonorID": "",
        "ENDOWMENTCD": "NO",
        "AccountOfficer": "1001",
        "Status": "CUR",
        "NoOfCDs": 20,
        "Renewal": "YES",
        "CBEAmount": 150000,
        "CBEDescription": "1",
        "PledgeAmount": 0
      },
      {
        "ID": "LD2231443401",
        "Company": "EG0010170",
        "Customer": "10068904",
        "CustomerName": "Mostafa Nasser OB",
        "Category": "21009",
        "CategoryDescription": "Certificates of Deposits",
        "LDType": "036-01-1000-01",
        "LDTypeDescription": "FIXED 3 YEARS MONTHLY INDIVIDUALS",
        "LDAmount": 20000,
        "TotalPaid": 0,
        "Currency": "EGP",
        "InterestRate": 13.75,
        "AgreementDate": 20221110,
        "ValueDate": 20221110,
        "MaturityDate": 20251113,
        "NextPaymentAmount": 226.03,
        "NextPaymentDate": 20221213,
        "DrawDownAccount": "1006890410010201",
        "PrinicipalAccount": "1006890410010201",
        "InterestAccount": "1006890410010201",
        "ChargeAccount": "1006890410010201",
        "Frequency": "Monthly",
        "BulletPercent": 0,
        "DonorID": "",
        "ENDOWMENTCD": "NO",
        "AccountOfficer": "1001",
        "Status": "CUR",
        "NoOfCDs": 20,
        "Renewal": "YES",
        "CBEAmount": 150000,
        "CBEDescription": "1",
        "PledgeAmount": 0
      },
      {
        "ID": "LD2231444643",
        "Company": "EG0010170",
        "Customer": "10068904",
        "CustomerName": "Mostafa Nasser OB",
        "Category": "21009",
        "CategoryDescription": "Certificates of Deposits",
        "LDType": "036-01-1000-01",
        "LDTypeDescription": "FIXED 3 YEARS MONTHLY INDIVIDUALS",
        "LDAmount": 20000,
        "TotalPaid": 0,
        "Currency": "EGP",
        "InterestRate": 13.75,
        "AgreementDate": 20221110,
        "ValueDate": 20221110,
        "MaturityDate": 20251113,
        "NextPaymentAmount": 226.03,
        "NextPaymentDate": 20221213,
        "DrawDownAccount": "1006890410010201",
        "PrinicipalAccount": "1006890410010201",
        "InterestAccount": "1006890410010201",
        "ChargeAccount": "1006890410010201",
        "Frequency": "Monthly",
        "BulletPercent": 0,
        "DonorID": "",
        "ENDOWMENTCD": "NO",
        "AccountOfficer": "1001",
        "Status": "CUR",
        "NoOfCDs": 20,
        "Renewal": "YES",
        "CBEAmount": 150000,
        "CBEDescription": "1",
        "PledgeAmount": 0
      },
      {
        "ID": "LD2231458884",
        "Company": "EG0010170",
        "Customer": "10068904",
        "CustomerName": "Mostafa Nasser OB",
        "Category": "21009",
        "CategoryDescription": "Certificates of Deposits",
        "LDType": "036-01-1000-01",
        "LDTypeDescription": "FIXED 3 YEARS MONTHLY INDIVIDUALS",
        "LDAmount": 20000,
        "TotalPaid": 0,
        "Currency": "EGP",
        "InterestRate": 13.75,
        "AgreementDate": 20221110,
        "ValueDate": 20221110,
        "MaturityDate": 20251113,
        "NextPaymentAmount": 226.03,
        "NextPaymentDate": 20221213,
        "DrawDownAccount": "1006890410010201",
        "PrinicipalAccount": "1006890410010201",
        "InterestAccount": "1006890410010201",
        "ChargeAccount": "1006890410010201",
        "Frequency": "Monthly",
        "BulletPercent": 0,
        "DonorID": "",
        "ENDOWMENTCD": "NO",
        "AccountOfficer": "1001",
        "Status": "CUR",
        "NoOfCDs": 20,
        "Renewal": "YES",
        "CBEAmount": 150000,
        "CBEDescription": "1",
        "PledgeAmount": 0
      },
      {
        "ID": "LD2231464568",
        "Company": "EG0010170",
        "Customer": "10068904",
        "CustomerName": "Mostafa Nasser OB",
        "Category": "21009",
        "CategoryDescription": "Certificates of Deposits",
        "LDType": "036-01-1000-01",
        "LDTypeDescription": "FIXED 3 YEARS MONTHLY INDIVIDUALS",
        "LDAmount": 20000,
        "TotalPaid": 0,
        "Currency": "EGP",
        "InterestRate": 13.75,
        "AgreementDate": 20221110,
        "ValueDate": 20221110,
        "MaturityDate": 20251113,
        "NextPaymentAmount": 226.03,
        "NextPaymentDate": 20221213,
        "DrawDownAccount": "1006890410010201",
        "PrinicipalAccount": "1006890410010201",
        "InterestAccount": "1006890410010201",
        "ChargeAccount": "1006890410010201",
        "Frequency": "Monthly",
        "BulletPercent": 0,
        "DonorID": "",
        "ENDOWMENTCD": "NO",
        "AccountOfficer": "1001",
        "Status": "CUR",
        "NoOfCDs": 20,
        "Renewal": "YES",
        "CBEAmount": 150000,
        "CBEDescription": "1",
        "PledgeAmount": 0
      },
      {
        "ID": "LD2231474750",
        "Company": "EG0010170",
        "Customer": "10068904",
        "CustomerName": "Mostafa Nasser OB",
        "Category": "21009",
        "CategoryDescription": "Certificates of Deposits",
        "LDType": "036-03-1000-01",
        "LDTypeDescription": "FIXED 3 YEARS QUARTERLY INDIVIDUALS",
        "LDAmount": 20000,
        "TotalPaid": 0,
        "Currency": "EGP",
        "InterestRate": 14,
        "AgreementDate": 20221110,
        "ValueDate": 20221110,
        "MaturityDate": 20251113,
        "NextPaymentAmount": 705.75,
        "NextPaymentDate": 20230213,
        "DrawDownAccount": "1006890410010201",
        "PrinicipalAccount": "1006890410010201",
        "InterestAccount": "1006890410010201",
        "ChargeAccount": "1006890410010201",
        "Frequency": "Quarterly",
        "BulletPercent": 0,
        "DonorID": "",
        "ENDOWMENTCD": "NO",
        "AccountOfficer": "1001",
        "Status": "CUR",
        "NoOfCDs": 20,
        "Renewal": "YES",
        "CBEAmount": 150000,
        "CBEDescription": "1",
        "PledgeAmount": 0
      },
      {
        "ID": "LD2231477868",
        "Company": "EG0010170",
        "Customer": "10068904",
        "CustomerName": "Mostafa Nasser OB",
        "Category": "21009",
        "CategoryDescription": "Certificates of Deposits",
        "LDType": "036-01-1000-01",
        "LDTypeDescription": "FIXED 3 YEARS MONTHLY INDIVIDUALS",
        "LDAmount": 20000,
        "TotalPaid": 0,
        "Currency": "EGP",
        "InterestRate": 13.75,
        "AgreementDate": 20221110,
        "ValueDate": 20221110,
        "MaturityDate": 20251113,
        "NextPaymentAmount": 226.03,
        "NextPaymentDate": 20221213,
        "DrawDownAccount": "1006890410010201",
        "PrinicipalAccount": "1006890410010201",
        "InterestAccount": "1006890410010201",
        "ChargeAccount": "1006890410010201",
        "Frequency": "Monthly",
        "BulletPercent": 0,
        "DonorID": "",
        "ENDOWMENTCD": "NO",
        "AccountOfficer": "1001",
        "Status": "CUR",
        "NoOfCDs": 20,
        "Renewal": "YES",
        "CBEAmount": 150000,
        "CBEDescription": "1",
        "PledgeAmount": 0
      },
      {
        "ID": "LD2231479510",
        "Company": "EG0010170",
        "Customer": "10068904",
        "CustomerName": "Mostafa Nasser OB",
        "Category": "21009",
        "CategoryDescription": "Certificates of Deposits",
        "LDType": "036-01-1000-01",
        "LDTypeDescription": "FIXED 3 YEARS MONTHLY INDIVIDUALS",
        "LDAmount": 20000,
        "TotalPaid": 0,
        "Currency": "EGP",
        "InterestRate": 13.75,
        "AgreementDate": 20221110,
        "ValueDate": 20221110,
        "MaturityDate": 20251113,
        "NextPaymentAmount": 226.03,
        "NextPaymentDate": 20221213,
        "DrawDownAccount": "1006890410010201",
        "PrinicipalAccount": "1006890410010201",
        "InterestAccount": "1006890410010201",
        "ChargeAccount": "1006890410010201",
        "Frequency": "Monthly",
        "BulletPercent": 0,
        "DonorID": "",
        "ENDOWMENTCD": "NO",
        "AccountOfficer": "1001",
        "Status": "CUR",
        "NoOfCDs": 20,
        "Renewal": "YES",
        "CBEAmount": 150000,
        "CBEDescription": "1",
        "PledgeAmount": 0
      },
      {
        "ID": "LD2231489014",
        "Company": "EG0010170",
        "Customer": "10068904",
        "CustomerName": "Mostafa Nasser OB",
        "Category": "21009",
        "CategoryDescription": "Certificates of Deposits",
        "LDType": "036-01-1000-01",
        "LDTypeDescription": "FIXED 3 YEARS MONTHLY INDIVIDUALS",
        "LDAmount": 1000,
        "TotalPaid": 0,
        "Currency": "EGP",
        "InterestRate": 13.75,
        "AgreementDate": 20221110,
        "ValueDate": 20221110,
        "MaturityDate": 20251113,
        "NextPaymentAmount": 11.3,
        "NextPaymentDate": 20221213,
        "DrawDownAccount": "1006890410010201",
        "PrinicipalAccount": "1006890410010201",
        "InterestAccount": "1006890410010201",
        "ChargeAccount": "1006890410010201",
        "Frequency": "Monthly",
        "BulletPercent": 0,
        "DonorID": "",
        "ENDOWMENTCD": "NO",
        "AccountOfficer": "1001",
        "Status": "CUR",
        "NoOfCDs": 1,
        "Renewal": "YES",
        "CBEAmount": 150000,
        "CBEDescription": "1",
        "PledgeAmount": 0
      },
      {
        "ID": "LD2231491738",
        "Company": "EG0010170",
        "Customer": "10068904",
        "CustomerName": "Mostafa Nasser OB",
        "Category": "21009",
        "CategoryDescription": "Certificates of Deposits",
        "LDType": "036-01-1000-01",
        "LDTypeDescription": "FIXED 3 YEARS MONTHLY INDIVIDUALS",
        "LDAmount": 1000,
        "TotalPaid": 0,
        "Currency": "EGP",
        "InterestRate": 13.75,
        "AgreementDate": 20221110,
        "ValueDate": 20221110,
        "MaturityDate": 20251113,
        "NextPaymentAmount": 11.3,
        "NextPaymentDate": 20221213,
        "DrawDownAccount": "1006890410010201",
        "PrinicipalAccount": "1006890410010201",
        "InterestAccount": "1006890410010201",
        "ChargeAccount": "1006890410010201",
        "Frequency": "Monthly",
        "BulletPercent": 0,
        "DonorID": "",
        "ENDOWMENTCD": "NO",
        "AccountOfficer": "1001",
        "Status": "CUR",
        "NoOfCDs": 1,
        "Renewal": "YES",
        "CBEAmount": 150000,
        "CBEDescription": "1",
        "PledgeAmount": 0
      },
      {
        "ID": "LD2231496880",
        "Company": "EG0010170",
        "Customer": "10068904",
        "CustomerName": "Mostafa Nasser OB",
        "Category": "21009",
        "CategoryDescription": "Certificates of Deposits",
        "LDType": "036-01-1000-01",
        "LDTypeDescription": "FIXED 3 YEARS MONTHLY INDIVIDUALS",
        "LDAmount": 20000,
        "TotalPaid": 0,
        "Currency": "EGP",
        "InterestRate": 13.75,
        "AgreementDate": 20221110,
        "ValueDate": 20221110,
        "MaturityDate": 20251113,
        "NextPaymentAmount": 226.03,
        "NextPaymentDate": 20221213,
        "DrawDownAccount": "1006890410010201",
        "PrinicipalAccount": "1006890410010201",
        "InterestAccount": "1006890410010201",
        "ChargeAccount": "1006890410010201",
        "Frequency": "Monthly",
        "BulletPercent": 0,
        "DonorID": "",
        "ENDOWMENTCD": "NO",
        "AccountOfficer": "1001",
        "Status": "CUR",
        "NoOfCDs": 20,
        "Renewal": "YES",
        "CBEAmount": 150000,
        "CBEDescription": "1",
        "PledgeAmount": 0
      },
      {
        "ID": "LD2233101671",
        "Company": "EG0010170",
        "Customer": "10068904",
        "CustomerName": "Mostafa Nasser OB",
        "Category": "21009",
        "CategoryDescription": "Certificates of Deposits",
        "LDType": "036-01-1000-01",
        "LDTypeDescription": "FIXED 3 YEARS MONTHLY INDIVIDUALS",
        "LDAmount": 20000,
        "TotalPaid": 0,
        "Currency": "EGP",
        "InterestRate": 13.75,
        "AgreementDate": 20221127,
        "ValueDate": 20221127,
        "MaturityDate": 20251204,
        "NextPaymentAmount": 233.56,
        "NextPaymentDate": 20230104,
        "DrawDownAccount": "1006890460010202",
        "PrinicipalAccount": "1006890410010201",
        "InterestAccount": "1006890460010202",
        "ChargeAccount": "1006890460010202",
        "Frequency": "Monthly",
        "BulletPercent": 0,
        "DonorID": "",
        "ENDOWMENTCD": "NO",
        "AccountOfficer": "1001",
        "Status": "CUR",
        "NoOfCDs": 20,
        "Renewal": "YES",
        "CBEAmount": 20000,
        "CBEDescription": "1",
        "PledgeAmount": 0
      },
      {
        "ID": "LD2233103600",
        "Company": "EG0010170",
        "Customer": "10068904",
        "CustomerName": "Mostafa Nasser OB",
        "Category": "21009",
        "CategoryDescription": "Certificates of Deposits",
        "LDType": "036-01-1000-01",
        "LDTypeDescription": "FIXED 3 YEARS MONTHLY INDIVIDUALS",
        "LDAmount": 30000,
        "TotalPaid": 0,
        "Currency": "EGP",
        "InterestRate": 13.75,
        "AgreementDate": 20221127,
        "ValueDate": 20221127,
        "MaturityDate": 20251204,
        "NextPaymentAmount": 350.34,
        "NextPaymentDate": 20230104,
        "DrawDownAccount": "1006890410010201",
        "PrinicipalAccount": "1006890410010201",
        "InterestAccount": "1006890410010201",
        "ChargeAccount": "1006890410010201",
        "Frequency": "Monthly",
        "BulletPercent": 0,
        "DonorID": "",
        "ENDOWMENTCD": "NO",
        "AccountOfficer": "1001",
        "Status": "CUR",
        "NoOfCDs": 30,
        "Renewal": "YES",
        "CBEAmount": 100000,
        "CBEDescription": "1",
        "PledgeAmount": 0
      },
      {
        "ID": "LD2233127063",
        "Company": "EG0010170",
        "Customer": "10068904",
        "CustomerName": "Mostafa Nasser OB",
        "Category": "21009",
        "CategoryDescription": "Certificates of Deposits",
        "LDType": "036-01-1000-01",
        "LDTypeDescription": "FIXED 3 YEARS MONTHLY INDIVIDUALS",
        "LDAmount": 20000,
        "TotalPaid": 0,
        "Currency": "EGP",
        "InterestRate": 13.75,
        "AgreementDate": 20221127,
        "ValueDate": 20221127,
        "MaturityDate": 20251204,
        "NextPaymentAmount": 233.56,
        "NextPaymentDate": 20230104,
        "DrawDownAccount": "1006890410010201",
        "PrinicipalAccount": "1006890410010201",
        "InterestAccount": "1006890410010201",
        "ChargeAccount": "1006890410010201",
        "Frequency": "Monthly",
        "BulletPercent": 0,
        "DonorID": "",
        "ENDOWMENTCD": "NO",
        "AccountOfficer": "1001",
        "Status": "CUR",
        "NoOfCDs": 20,
        "Renewal": "YES",
        "CBEAmount": 100000,
        "CBEDescription": "1",
        "PledgeAmount": 0
      },
      {
        "ID": "LD2233130521",
        "Company": "EG0010170",
        "Customer": "10068904",
        "CustomerName": "Mostafa Nasser OB",
        "Category": "21009",
        "CategoryDescription": "Certificates of Deposits",
        "LDType": "036-01-1000-01",
        "LDTypeDescription": "FIXED 3 YEARS MONTHLY INDIVIDUALS",
        "LDAmount": 25000,
        "TotalPaid": 0,
        "Currency": "EGP",
        "InterestRate": 13.75,
        "AgreementDate": 20221127,
        "ValueDate": 20221127,
        "MaturityDate": 20251204,
        "NextPaymentAmount": 291.95,
        "NextPaymentDate": 20230104,
        "DrawDownAccount": "1006890410010201",
        "PrinicipalAccount": "1006890410010201",
        "InterestAccount": "1006890410010201",
        "ChargeAccount": "1006890410010201",
        "Frequency": "Monthly",
        "BulletPercent": 0,
        "DonorID": "",
        "ENDOWMENTCD": "NO",
        "AccountOfficer": "1001",
        "Status": "CUR",
        "NoOfCDs": 25,
        "Renewal": "YES",
        "CBEAmount": 100000,
        "CBEDescription": "1",
        "PledgeAmount": 0
      },
      {
        "ID": "LD2233150500",
        "Company": "EG0010170",
        "Customer": "10068904",
        "CustomerName": "Mostafa Nasser OB",
        "Category": "21009",
        "CategoryDescription": "Certificates of Deposits",
        "LDType": "036-01-1000-01",
        "LDTypeDescription": "FIXED 3 YEARS MONTHLY INDIVIDUALS",
        "LDAmount": 30000,
        "TotalPaid": 0,
        "Currency": "EGP",
        "InterestRate": 13.75,
        "AgreementDate": 20221127,
        "ValueDate": 20221127,
        "MaturityDate": 20251204,
        "NextPaymentAmount": 350.34,
        "NextPaymentDate": 20230104,
        "DrawDownAccount": "1006890410010201",
        "PrinicipalAccount": "1006890410010201",
        "InterestAccount": "1006890410010201",
        "ChargeAccount": "1006890410010201",
        "Frequency": "Monthly",
        "BulletPercent": 0,
        "DonorID": "",
        "ENDOWMENTCD": "NO",
        "AccountOfficer": "1001",
        "Status": "CUR",
        "NoOfCDs": 30,
        "Renewal": "YES",
        "CBEAmount": 100000,
        "CBEDescription": "1",
        "PledgeAmount": 0
      },
      {
        "ID": "LD2233160359",
        "Company": "EG0010170",
        "Customer": "10068904",
        "CustomerName": "Mostafa Nasser OB",
        "Category": "21009",
        "CategoryDescription": "Certificates of Deposits",
        "LDType": "036-01-1000-01",
        "LDTypeDescription": "FIXED 3 YEARS MONTHLY INDIVIDUALS",
        "LDAmount": 20000,
        "TotalPaid": 0,
        "Currency": "EGP",
        "InterestRate": 13.75,
        "AgreementDate": 20221127,
        "ValueDate": 20221127,
        "MaturityDate": 20251204,
        "NextPaymentAmount": 233.56,
        "NextPaymentDate": 20230104,
        "DrawDownAccount": "1006890410010201",
        "PrinicipalAccount": "1006890410010201",
        "InterestAccount": "1006890410010201",
        "ChargeAccount": "1006890410010201",
        "Frequency": "Monthly",
        "BulletPercent": 0,
        "DonorID": "",
        "ENDOWMENTCD": "NO",
        "AccountOfficer": "1001",
        "Status": "CUR",
        "NoOfCDs": 20,
        "Renewal": "YES",
        "CBEAmount": 20000,
        "CBEDescription": "1",
        "PledgeAmount": 0
      },
      {
        "ID": "LD2233218004",
        "Company": "EG0010170",
        "Customer": "10068904",
        "CustomerName": "Mostafa Nasser OB",
        "Category": "21009",
        "CategoryDescription": "Certificates of Deposits",
        "LDType": "036-01-1000-01",
        "LDTypeDescription": "FIXED 3 YEARS MONTHLY INDIVIDUALS",
        "LDAmount": 20000,
        "TotalPaid": 0,
        "Currency": "EGP",
        "InterestRate": 13.75,
        "AgreementDate": 20221128,
        "ValueDate": 20221128,
        "MaturityDate": 20251204,
        "NextPaymentAmount": 233.56,
        "NextPaymentDate": 20230104,
        "DrawDownAccount": "1006890460010202",
        "PrinicipalAccount": "1006890410010201",
        "InterestAccount": "1006890460010202",
        "ChargeAccount": "1006890460010202",
        "Frequency": "Monthly",
        "BulletPercent": 0,
        "DonorID": "",
        "ENDOWMENTCD": "NO",
        "AccountOfficer": "1001",
        "Status": "CUR",
        "NoOfCDs": 20,
        "Renewal": "YES",
        "CBEAmount": 20000,
        "CBEDescription": "1",
        "PledgeAmount": 0
      },
      {
        "ID": "LD2231447148",
        "Company": "EG0010170",
        "Customer": "10068904",
        "CustomerName": "Mostafa Nasser OB",
        "Category": "21009",
        "CategoryDescription": "Certificates of Deposits",
        "LDType": "036-03-1000-01FL",
        "LDTypeDescription": "FLOATING 3 YEARS QUARTERLY INDIVIDUALS",
        "LDAmount": 20000,
        "TotalPaid": 0,
        "Currency": "EGP",
        "InterestRate": -0.5,
        "AgreementDate": 20221110,
        "ValueDate": 20221110,
        "MaturityDate": 20251113,
        "NextPaymentAmount": 585.62,
        "NextPaymentDate": 20251113,
        "DrawDownAccount": "1006890410010201",
        "PrinicipalAccount": "1006890410010201",
        "InterestAccount": "1006890410010201",
        "ChargeAccount": "1006890410010201",
        "Frequency": "Quarterly",
        "BulletPercent": 0,
        "DonorID": "",
        "ENDOWMENTCD": "NO",
        "AccountOfficer": "1001",
        "Status": "CUR",
        "NoOfCDs": 20,
        "Renewal": "YES",
        "CBEAmount": 150000,
        "CBEDescription": "1",
        "PledgeAmount": 0
      }
    ],
    "Message":  {
        "ID": "LD2300218339",
        "Company": "EG0010170",
        "Customer": "10068904",
        "CustomerName": "Mostafa Nasser OB",
        "Category": "21009",
        "CategoryDescription": "Certificates of Deposits",
        "LDType": "036-01-1000-01",
        "LDTypeDescription": "FIXED 3 YEARS MONTHLY INDIVIDUALS",
        "LDAmount": 1000,
        "TotalPaid": 0,
        "Currency": "EGP",
        "InterestRate": 13.75,
        "AgreementDate": 20230102,
        "ValueDate": 20230102,
        "MaturityDate": 20260108,
        "NextPaymentAmount": 11.68,
        "NextPaymentDate": 20230208,
        "DrawDownAccount": "1006890410010201",
        "PrinicipalAccount": "1006890410010201",
        "InterestAccount": "1006890410010201",
        "ChargeAccount": "1006890410010201",
        "Frequency": "Monthly",
        "BulletPercent": 0,
        "DonorID": "",
        "ENDOWMENTCD": "NO",
        "AccountOfficer": "1001",
        "Status": "CUR",
        "NoOfCDs": 1,
        "Renewal": "YES",
        "CBEAmount": 150000,
        "CBEDescription": "1",
        "PledgeAmount": 0
      }
  }